custid,first_name,last_name,phone,address,city,state,postal_code,email
101,Aarav,Sharm,9876543210,12 MG Rd,Pune,MH,411001,aarav12@gmail.com
102,Isha,Verma,9876543211,22 Park St,Delhi,DL,110001,isha34@yahoo.com
103,Vihaan,Patel,9876543212,45 Ring Rd,Ahmed,GJ,380001,vihaan56@gmail.com
104,Ananya,Reddy,9876543213,78 Lake Rd,Hyd,TS,500001,ananya78@yahoo.com
105,Arjun,Nair,9876543214,33 Beach Rd,Cochi,KL,682001,arjun90@gmail.com
106,Kavya,Singh,9876543215,19 Civil Ln,Luckn,UP,226001,kavya11@yahoo.com
107,Rohan,Gupta,9876543216,67 Bazar Rd,Jaipu,RJ,302001,rohan22@gmail.com
108,Meera,Chopr,9876543217,88 Mall Rd,Amrit,PB,143001,meera33@yahoo.com
109,Dev,Malhot,9876543218,54 Club Rd,Gurug,HR,122001,dev44@gmail.com
110,Priya,Iyer,9876543219,90 Hill Rd,Chenn,TN,600001,priya55@yahoo.com
